r,q,KL
0.4725570661137241,0.6681258535871232,0.0716103217984112
0.8489908607936029,0.6046506922174906,0.1107774025066058
0.7811532592658483,0.573127379782352,0.0981585865184267
0.788527877792699,0.6556350589189501,0.1114220426394231
0.7625171887208801,0.2389038668457271,0.0429451342634763
0.9997236917733032,0.465021372707415,0.1110874268851482
1.000850150921782,0.0778024984304882,0.019356180571731
0.9566377350068684,0.8390888117907013,0.1633163211081624
0.923254423882891,0.0198361901412811,0.004545215293702
0.9904957444718582,0.0224039048574098,0.0054980119488896
0.6537459777262786,0.8270079678048513,0.1157333079952756
0.9936510051241014,0.0211599684600024,0.0052117279363355
0.9436850317943664,0.2152189166002838,0.0476515628992424
0.5677427411577723,0.3078654246113945,0.0412882728682527
0.950750803531846,0.1186270035038066,0.0271663821271771
0.9669909656305636,0.4392138547099549,0.0941648134541606
0.6255626744183437,0.6326639641470945,0.0878689510011585
0.9420189341334492,0.4328057934796294,0.0905375143888005
0.8521396233684625,0.8317959738126574,0.1461443431933845
0.3259917735898208,0.6378462590815903,0.048595598521101
0.9368789189316435,0.3383926330960936,0.0720700197035849
0.9186465673499132,0.6019168927797107,0.1184262462019277
0.8686998940303834,0.0422856905532956,0.0090594324150182
0.4678581963900596,0.3399979496416002,0.0377404912220723
0.9228381782162498,0.0816998641687124,0.0183683475004409
0.7590408949766493,0.9712389049798026,0.1507654588572068
0.802198138580706,0.5887796436386907,0.1029420653005
0.9733146301082576,0.5076770927409894,0.1079261817554178
0.0690242741293463,0.9807495308962646,0.0165042604725845
0.722924539018645,0.3703312714712335,0.0615811132214878
0.3761432956708815,0.4745672117057624,0.0420967949427796
0.6023403439441158,0.7117085259526298,0.0943773100284383
0.3762677555219193,0.1434757010605263,0.0132319717788162
0.8878505726669059,0.1734027402289485,0.0366131716529577
0.1091582200235903,0.7690697063241299,0.020365672019442
0.6844922028463554,0.3856489922173817,0.060785832676652
0.7096228326151426,0.8235079742776445,0.1238217332734529
0.1351455862734248,0.944199961438236,0.0305413618658597
0.9844741113274,0.2100748930090834,0.0486026440391949
0.9544196707309676,0.6631780928648087,0.1334723370213039
0.4141455574379072,0.6790429020654105,0.0643841181904156
0.5749979289359939,0.0206255404220632,0.0029476223442864
0.0925142594307493,0.567840842162321,0.012872136886159
0.993549261921906,0.7795104788250985,0.1655780197145164
0.913525485177502,0.603207184321962,0.1179990660190571
0.6817620224560865,0.5724158915921469,0.0868035363931781
0.9840085445316886,0.5240127801268154,0.1127434973132812
0.99920350436121,0.2095354911254434,0.0502828035442564
0.6006068710243574,0.4312550395225915,0.0597024625090899
0.8088774272875854,0.1111265441481776,0.0217984854512909
0.9893020144617706,0.0305956318199712,0.0074806384790995
0.0281546149795608,0.5934858497511737,0.0041422517286413
0.9840597739062832,0.8776222913583389,0.1767451982741064
0.9771321617965276,0.0634830849124569,0.0151789306637563
0.584267076753781,0.8502380653214595,0.1074646103548326
0.2386782988808981,0.9833112696494408,0.0544188780852817
0.8151146989295478,0.3507263572722451,0.0654457712685497
0.7383610381510869,0.1988943667376528,0.0349862969614388
0.8339713121402347,0.2861468185534102,0.0553682239946153
0.3302579574418555,0.7164136248856784,0.054852164114768
0.4387472462066669,0.9280755115196572,0.0901271529210246
0.9670949621811946,0.4365209757061609,0.0936510337751813
0.4793928612792409,0.4096926024154683,0.0460885039723303
0.0943469596475756,0.6132452258279074,0.0141523283510742
0.3869930839952273,0.7136130654072558,0.0633096653889725
0.8047544492914527,0.6201178465663857,0.1080199141412044
0.8923390732824108,0.4329620697161363,0.0861489765302463
0.7257588938410888,0.4418980874452171,0.0727026233209074
0.4121309729096454,0.645995113440881,0.0612206872876718
0.9234700650900988,0.9178637888673252,0.1701624845466581
0.770172023468972,0.4262815882994409,0.0742780078672684
0.8711445067853986,0.706418681528188,0.1296284944720273
0.5476774619390611,0.1093889928843157,0.0146593450408313
0.5451215855767061,0.5061110784929588,0.0632893725295827
0.2216978717946559,0.8036193833707029,0.0420054508721556
0.6492485073085941,0.1031503312063487,0.016352531258579
0.0235099644751652,0.2431321234958341,0.0014218894398825
0.9978893982157948,0.1098115479585168,0.0265603892535998
0.2502872403332424,0.3464388218366656,0.0210215507991635
0.97690575411897,0.3507141302076417,0.0776593932171241
0.9483386496661944,0.1971927359449456,0.0440779058878452
0.6960765581661553,0.6720592565267871,0.1019983070026068
0.711658754060991,0.9927416277365928,0.1455115200288387
0.3183082084593913,0.2094854740064952,0.0162746582219738
0.666974674358679,0.8538597985125335,0.1210706521505386
0.9874659066763184,0.6989107852273501,0.1465455522008356
0.7683710692615886,0.2216750275767851,0.0402994219977212
0.4066780781761386,0.1847717322552612,0.0182930500325691
0.9609874472869672,0.954157032180513,0.1826537447117131
0.8602109303115915,0.3404375276040052,0.0669507207433735
0.4556966672280849,0.5342959916653044,0.0563458756239785
0.9652480451510688,0.2700495074131394,0.0602291779260276
0.2525601491045485,0.9505465149188868,0.0555892477191178
0.3842700996409777,0.4219450938390017,0.038428600492259
0.9553744893822425,0.2608733295533689,0.0577375094353661
0.2260861040583945,0.5599244573738902,0.0303150552734731
0.318083952598454,0.9424257275398952,0.0682549124332391
0.153768026535926,0.8846272890664834,0.0324799975901301
0.7121896744584201,0.4500702449817034,0.0726547717933241
0.9844278984828814,0.2065529219182682,0.047813791061426
0.9208939965875158,0.1875638280085199,0.0408564953366308
0.6462633424812514,0.4825255739009053,0.0708483415836394
0.8487435343657608,0.9487262814172492,0.1625375300680041
0.3493025550196806,0.961192681900739,0.0757231938503396
0.5416823268079106,0.5499498471596864,0.0679065795357811
0.2233145551591832,0.6450390852053063,0.0343122885891589
0.9140498310374382,0.0710334039823575,0.015872472526543
0.914114190946123,0.2513002116555291,0.0534689925515988
0.4255536375910412,0.5538208832195546,0.0546613904097971
0.5077632937675215,0.4930950888962574,0.0578394374222373
0.0371262279712776,0.2918274031620672,0.0026912638816734
0.8951800025628491,0.3013162515084041,0.0620577544159829
0.4522133658652378,0.5998436159375025,0.062295464826542
0.9576625833536186,0.629514849064741,0.1280319235420933
0.3913525836013674,0.1821305210230739,0.0173706335871678
0.7194054012545522,0.7805982323565067,0.119635720869036
0.8353959512051906,0.8968086787345559,0.1530290641878259
0.7612964203443192,0.7045879546759028,0.1150352911333774
1.0008621874446997,0.0801384319024773,0.0199414820131671
0.8054575393264408,0.8056675785340206,0.1355192572246746
0.85795628175879,0.1050761127401051,0.0218628466698682
0.9456934230469968,0.085514732721888,0.019672580042715
0.6899957700082292,0.4753326637135305,0.0741951793282238
0.858330629655775,0.3767813243992318,0.0733069639569325
0.9132225008451316,0.1796478335633931,0.0389076161884698
0.9483486814704613,0.3488680938698943,0.0749731818795731
0.6827522547272408,0.6690716801880974,0.0998528082509303
0.6119117508905597,0.709983945124857,0.0955307314888501
0.8209386897835825,0.7399753736556677,0.1281699994685648
0.4666075473956443,0.3049182331220783,0.0339256046149342
0.9758309061065352,0.0154616936086927,0.0037478815477569
0.8843887369813962,0.3444788494230872,0.0694125894556243
0.7364350316220293,0.1702733907439579,0.0300695501062188
0.999198725089204,0.0490477656311549,0.0120646954640786
0.9244812212155794,0.2350262393244692,0.0507409296121132
0.7303902261387655,0.3125589947457809,0.0531077180476886
0.2675241355397966,0.7171667189314881,0.0450543744141059
0.017091364223591,0.1682220445761524,0.0007160717205934
0.995171217566446,0.0204903613834989,0.0050560848639355
0.7836952461372673,0.0839953062662361,0.0160837166732442
0.3895517306004565,0.8926425693214931,0.0781705721261739
0.699926161192572,0.6260769020437865,0.0962757306644383
0.6340773749637613,0.3722490784799848,0.0547772195824217
0.6978513757287456,0.7186592888929085,0.1084317893586766
0.6714736968671585,0.933494300636012,0.1314552207612572
0.023659818271047,0.5683525356697424,0.0033369923612688
0.9953939832992164,0.0187560391678784,0.0046309830345094
1.0003940197875238,0.1411688887367246,0.0346275097543326
0.5679935659527972,0.7899033773343547,0.0982713985826709
0.7600046906013841,0.0397078522224579,0.0074593140376416
0.3873352992098774,0.4986724058711784,0.0453525041095791
0.8225358060735536,0.8082297555522362,0.1384004490130033
0.74881563543428,0.8732534734100205,0.1363390193869603
0.2541014820028725,0.1408272394265952,0.0088182339646092
0.5093146254037046,0.4735190134672483,0.0558626362617172
0.5067529399144493,0.3458474260854479,0.04139196967002
0.7166845507163782,0.51266938482701,0.082236806327814
0.9807335433783764,0.1608651841095617,0.0375422105551355
0.719124967673162,0.1719978555935851,0.0296759120621679
0.9914968262314116,0.3328436727600419,0.0756143276584057
0.7204616524517321,0.4946889732020869,0.0800245753954425
0.9971933568080542,0.4879561474538505,0.1110850210544589
0.5743417003838543,0.1815088871655286,0.0251576218835508
0.7318317090315428,0.3747835465910402,0.0629814265304777
0.4277169559099266,0.3353418491216801,0.0341855912249777
0.3926288417581129,0.3221204153186461,0.0303025676527531
0.5345228055381108,0.5064494411049029,0.0621777112065174
0.83854230831831,0.0779288849689,0.0159709340694499
0.4751333156661965,0.7798774734043404,0.0828013691423778
0.9969345729474932,0.3825229081177644,0.0880068915919447
0.9579881678243686,0.0517292319837752,0.0121718843756319
0.3807780995482052,0.8501913468087868,0.0732399246168786
0.9853783557361684,0.0088958055354346,0.0021821328783653
0.3795913392829648,0.9787675621852968,0.0829602128991485
0.990562315863313,0.8270030258190536,0.1715028281056378
0.6872409468162914,0.7852109593263713,0.1155386961727726
0.9779488151983527,0.0480834870025465,0.0115595526670024
0.7037772009574274,0.2074392662069746,0.0347914841568834
0.7145877794891314,0.8498656310952116,0.1279647277291132
0.2448345961565031,0.4324948116550307,0.0255225857869802
0.7680753252167322,0.814930354536724,0.131382756429477
0.937847097492672,0.18479115366747,0.0409956933571499
0.8992196993560793,0.1367069455472874,0.0295101368670682
0.6751222718791011,0.4624397212093593,0.0709158428542018
0.547864394090537,0.938315528120618,0.110707144762202
0.7837958504296303,0.6010774434970539,0.1026776176280734
0.1961079494589176,0.4188003385660996,0.0199411035342407
0.9946697450509592,0.1568187052480465,0.0372719220535507
0.9479323930972736,0.5580978644542186,0.1141517229862794
0.3142125742755516,0.6615176438070139,0.0485833235515514
0.6682421957679103,0.2413521450846822,0.0382626088889258
0.9976788152090996,0.2571452485511298,0.0605600093083468
0.7170664330638611,0.1847315568344148,0.0317047089819745
0.9512968004644016,0.1938645489043107,0.0434959019153816
0.8921817755730229,0.813827670155021,0.1492650632110224
0.6030667881697828,0.4229841881442263,0.05887316523401
0.7529595293332195,0.255920505158226,0.0452942955927144
0.501509162156558,0.5909028517654117,0.067580662179808
0.1654129576631071,0.6042722960584557,0.0241297917150712
0.5871319339157953,0.6468580270601879,0.0846876696898239
0.9482369969893688,0.909240810013527,0.1730446143243692
0.3591932688613482,0.7909721325783341,0.064990443472366
0.6899765759441409,0.1538072878075069,0.0255983293951807
0.2766061726156712,0.748991711948692,0.0484399022904209
0.9018713433090112,0.4030086227432071,0.0815690653208239
0.2181868418835097,0.9914071607390612,0.0504184045384559
0.9521848317992632,0.2116077263945829,0.0472883247816006
0.8702864030060662,0.4104755828190501,0.0802386957651083
0.4361549590300483,0.943287575105535,0.0909370791836658
0.6253991177209487,0.5802032446705759,0.0812910239814385
0.9491855748791292,0.9022150797159882,0.1721611056657303
0.6870485479575994,0.4771535238392063,0.0741473173605049
0.9905897733128785,0.4304962777294132,0.0956885453716191
0.1002927227148491,0.7889467175443293,0.0192248917431274
0.6113855433593309,0.984152999931121,0.1269057736796991
0.620370434930478,0.3697257926524288,0.0533186183565577
0.8073893607851553,0.968932869316235,0.1585471415798257
0.1853951619198804,0.9290263877654196,0.0406822634320924
0.9753271988006638,0.1776925857619811,0.0410287427917548
0.6622790475043953,0.6088516168445476,0.0893901390098749
0.9394543598308632,0.7917771935455912,0.1528112835641009
0.8102573065527229,0.5297229041586116,0.0945595622529669
0.3630389878221134,0.1380390623083687,0.0122969910850288
0.6945540940923961,0.7316626417057107,0.1096630471401635
0.7962904108846246,0.2295905646312535,0.043096265838999
0.9447081204503356,0.3338971351930206,0.0717455260630576
0.4451251946282751,0.142884652342738,0.0155404451934266
0.7543031869342924,0.2537090659582263,0.0450009806933822
0.6450347112321223,0.4692539074073408,0.0689361888240231
0.9751331521925743,0.2631370626470035,0.0594172273716667
0.2958031391591716,0.8081417718470043,0.0553759446362658
0.7479594459365242,0.376842664114508,0.0645798376668798
0.9109132636188888,0.3138028572332206,0.0654802796984557
0.7244703720628423,0.6620718577200123,0.1043043001461431
0.2198393042104566,0.9105039377274456,0.0468907913849641
0.1862823437705913,0.2095228770129579,0.0096079136627519
0.6684059191968699,0.5448733365187299,0.081572312714115
0.2144159721572252,0.9241054190682532,0.0464406596318249
0.8389196233681985,0.2798053357617506,0.0545276170947563
0.2019763265402052,0.1596071738646415,0.0079521314306182
0.8466537993108864,0.3030324268193135,0.059235298484467
0.9699324298582428,0.2784256121007732,0.0622733864277842
0.9320289883471136,0.2548695876541246,0.0551623246400198
0.3951014469375727,0.4450763058826466,0.0415089961174498
0.459548810483227,0.5045482589579534,0.0538401571220499
0.9265736747160688,0.5534973520744925,0.1108939414063354
0.0052889783070324,0.9955002834343925,0.0013100299522529
0.8534376438659451,0.7926619192137531,0.1404769425813062
0.8638508945671718,0.6221792294411628,0.1153744691955611
0.4708035033475726,0.9889601476818848,0.1015008457582311
0.8216144634297162,0.2570137317306926,0.0493821107753187
0.9555248960849588,0.4999763386006303,0.1044195745874677
0.5034769097635233,0.2882872627243711,0.0345880832050549
0.4478701993167274,0.7579544530815242,0.0764966397136588
0.6568423870390774,0.3638595014167292,0.0554211404586014
0.5259144530084858,0.8217910264598518,0.0950258280442827
0.257365290027174,0.5568915472117303,0.0341494997824435
0.9300028567065046,0.2668950521709136,0.057473918239485
0.8386864335399432,0.7400234789561561,0.1305632582208783
0.5189758991956825,0.6627195466145331,0.0774260102697679
0.9249999292434408,0.0792058974499875,0.0178623281424509
0.807949122010619,0.1036457738851388,0.0203487152934864
0.4477864203054683,0.4529085906289296,0.047491939349333
0.9898950274174664,0.7429260272694482,0.1557987831996116
0.7085535097787331,0.1160034964722066,0.0199803786857468
0.1562209647400818,0.1786009050937399,0.0068919290145744
0.8846188820135821,0.7722414796550592,0.1417641104389604
0.3882851278949702,0.3246006401227289,0.0301982996039548
0.8704279720254935,0.8060312141477479,0.1449238132752623
0.9585605258178624,0.1148618160375545,0.0265437100622129
0.1931812698036285,0.391228190495662,0.018386725750486
0.3752195951385257,0.5167401826213637,0.0455193166152442
0.9041594895315784,0.4306280204141777,0.0867695083162717
0.703936041944612,0.586798571438141,0.0913497516982939
0.1234464444317951,0.7378377872921603,0.0220479464438388
0.4442229699137064,0.9562672548360988,0.0935449023073535
0.7641882464035487,0.2842011637487914,0.0506878927816678
0.2266885810402447,0.6485472070798252,0.0349893006178592
0.7994708556152719,0.6962159966701554,0.1188139408019439
0.3046643976114342,0.2927207490124872,0.0216089688623711
0.7901495574919652,0.9866823001504718,0.1580747512718432
0.9272672843548694,0.3973176676375461,0.0825802112614403
0.7871084045265776,0.3284561911559301,0.0596211004064503
0.9975657220966068,0.1251569904061431,0.0301534332516149
0.7358774342841657,0.1114578007254426,0.0199334833885985
0.6507401171835935,0.9845734020457272,0.1338742130992719
0.1072479621977537,0.5789395339218827,0.0151663874959043
0.5837524989248386,0.8920925954476436,0.1119951009761309
0.9784764337627097,0.0150801810754626,0.0036658227381068
0.3766717281600947,0.599698675514195,0.0525334957327858
0.5820067045546968,0.7535131086748065,0.0962875308303047
0.973618340597044,0.5381433132192781,0.113718791208931
0.3381357110763859,0.3297317164990921,0.0268293560712124
0.959942439248314,0.7884287034284043,0.1556453247247763
0.5992340970642376,0.303194829291645,0.0428329156243636
0.618294953538209,0.4534978894806514,0.0642629401883866
0.9736388488066048,0.1340416972471647,0.0312808429475539
0.6322693213600363,0.4031129864471294,0.0588203299721312
0.8574952158842956,0.2034552406761496,0.0412495692656985
0.0975051745860432,0.2623133404418495,0.0063227891083486
0.851192338485509,0.907571575800684,0.1570100716543966
0.0189303904225713,0.3482637301209049,0.0016399648245689
0.3058789034772294,0.6834563946043982,0.0488539051454071
0.2217034399376266,0.4527618431190149,0.0242338101956991
0.8323330470904348,0.5086223651652924,0.0934345410240669
0.4443137654280712,0.5632272591223364,0.0578046671644117
0.6352494996568956,0.7722504909311193,0.106327432196664
0.0954475508729271,0.5186850421208601,0.0121419354808132
0.3431007743817468,0.7871486790078227,0.0620319316391794
0.9927671592693764,0.1692918940966765,0.0399929277351322
0.8641404038808583,0.6523691115879877,0.1202106097177811
0.9479225335626308,0.234510201669824,0.0518644158862557
0.7099439407771461,0.4349475522251422,0.070216633524617
0.2911936658314952,0.9741861932592554,0.0648837160423169
0.0597111595237701,0.8976776081085487,0.0131299308031793
0.4241739767683122,0.8442310376087411,0.0802551540913013
0.6378166024159723,0.3924046643347782,0.0578536349871976
0.0877469686739898,0.4930230187317424,0.0106314801661286
0.0704132429213201,0.6766893518310659,0.0116941953023874
1.000949941902986,0.060802712958056,0.015184190436826
0.5241751762554632,0.9304424976796658,0.1057011548823192
0.8412733232590612,0.2458853836404331,0.0484328400750237
0.7724866703126612,0.3094383386435249,0.0554371013798709
0.9898869669675078,0.3910796510388971,0.0874604263111276
0.8556890514859232,0.2702717323993098,0.0537761654167294
0.7903058829561929,0.3500149494286138,0.0634737367234889
0.3004777126952577,0.9362296910896856,0.0643820738387885
0.7674399130531954,0.3778842158367341,0.0663112709254289
0.531405099953209,0.7746492087999102,0.0910106448754516
0.975305222228394,0.040567240389654,0.0097496632955841
0.9572398647881624,0.1893400055856282,0.0427864671105117
1.0001525118739687,0.0567101238983192,0.0139709500566032
0.8691435543783631,0.3249567726558565,0.0647516588848525
0.9032954763891468,0.2783655185979468,0.0581584661760979
0.2134699823996973,0.3122046098145251,0.0162664338873871
0.9958146229665772,0.0020165869773706,0.0005010142906544
0.9767169832331958,0.0312733407138443,0.0075493016236573
0.993178803367978,0.2277618337541733,0.0531217746570135
0.2482908678932635,0.8699960358160745,0.0503618860033258
0.3694789991493624,0.918234084132862,0.0764364846521324
0.8381275445382476,0.9814789806272664,0.1653498918562216
0.8389462586250125,0.2847400500176485,0.0554270648393601
0.3923284646450253,0.6292731697490501,0.057084694649646
0.0717018960815354,0.5810364787803566,0.0102426618952698
0.9849702813975636,0.5999122731322729,0.1273689786122558
0.7344772812928155,0.5352481053616508,0.0874126757478893
0.7914584349728012,0.9957771042185511,0.1595303938442451
0.9537188441972988,0.501946084696926,0.1046011984909925
0.7414491829187421,0.7710225764025076,0.1214962647760738
0.3218936182903644,0.4941617786283095,0.0377236870047586
0.3865919688744977,0.562265662780428,0.0506623108213759
0.7394397037107944,0.1500622633053361,0.0267332562695376
0.910833840296917,0.4326307908047872,0.087748131891045
0.1313674726841706,0.6692972985745201,0.0213036330725697
0.7805558478943752,0.4227846732701277,0.0746281518150509
0.8096007830021903,0.6331843992741162,0.1106031268693794
0.193012138011786,0.9674359524936768,0.0439028325226024
0.0787202043416647,0.6830648223096253,0.013170743506979
0.4920414398264078,0.3916248330800261,0.0452670680757082
0.9116486657810464,0.1872525697200981,0.0404052077669857
0.8519624532576894,0.1636792861972482,0.0333078682819402
0.8825518248179394,0.7490629423830294,0.1378689045789283
0.6859074982166361,0.946081871171637,0.1353645255385699
0.7551969663149571,0.544182012734275,0.0909652105784413
0.9933174599463362,0.3108469764475315,0.0712597185443715
0.999509619022629,0.0026687182800193,0.000665096248283
0.262193157456778,0.4213822405569137,0.0265894765778301
0.6601941621234234,0.5718626518523574,0.0842452815084196
0.7101785303181585,0.645126883963995,0.1001473540816547
0.1902876764813408,0.919738653068863,0.041295774050024
0.9435163024118244,0.5144959845408812,0.1057489470914146
0.5305222352939892,0.9620187104932026,0.1100031973833721
0.772588155600132,0.6166875455130612,0.1036940178572145
0.6746473458848498,0.9769404994876412,0.1371226603082236
0.6221474648686115,0.7890523598368528,0.1063800423472728
0.9828056714011202,0.0198793639146132,0.004845740392488
0.0254820052625325,0.1525337234740188,0.0009677178416782
0.7678517418935839,0.9014225540534462,0.1430751091986948
0.9977422310476276,0.1010153450672578,0.0244731124321898
0.9460203052951957,0.2027646389417339,0.0451401284423218
0.9764687189498767,0.4181252034794181,0.0910368617686069
0.6642200092598919,0.5556058379575538,0.0825446208927057
0.0920434306977096,0.6937956439472474,0.0155879361946018
0.908481499968396,0.0472416615355788,0.0105655863684792
0.8639500368138743,0.9599740866892964,0.1665153670185176
0.141814565047932,0.5589773082717091,0.0192620716137861
0.9935279143329706,0.504952715167989,0.1118540106353651
0.6806538842457682,0.784277096777778,0.114496767951546
0.2050052890986697,0.6872688124514961,0.0335849379893382
0.0582939463848506,0.5653423303002892,0.0081258379076604
0.9089124144344344,0.1517711049582786,0.0329714819659325
0.2899163956704869,0.2010364456461644,0.0142621463153264
0.520739982560216,0.4964579534246154,0.0595917764375044
0.5408152730299651,0.425235315129058,0.0534383898193878
0.0790229035404946,0.4600803048275664,0.0089547539123265
0.8987960522287645,0.6825693717449236,0.1294042986713676
0.1002737089737189,0.3254931620823999,0.0080500770396976
0.0897985956731042,0.0278027779413726,0.0006220005193327
0.7773134897652098,0.5034369060644608,0.0870645262489109
0.0988926778967193,0.4015781252274051,0.0097724857706159
0.3961516311228793,0.4133209233784035,0.0387861726588743
0.1801266544121532,0.8230452964062097,0.035261362445955
0.98932282283827,0.0226659773701896,0.0055558939651528
0.9403442621048216,0.1390147242991948,0.0313138229271336
0.9348479582610486,0.9860838883777732,0.1824676575132945
0.7530853902589741,0.9937477758241974,0.1527438596541055
0.9399461691241996,0.8214235408405995,0.1577114339915314
0.9560397814784376,0.8432822043558907,0.1638629068379914
0.9426714862571064,0.4013177413521154,0.0846577799286907
0.0187717987177054,0.6671306623451159,0.0031087553855695
0.946582288268756,0.3293363839543825,0.0709951842678264
0.9045422618186196,0.8180833002357809,0.151794730741728
0.8005501200430273,0.8167421386329413,0.136406982419827
0.3138966841104645,0.0727210168645015,0.0056497818500681
0.0520499074456773,0.962577657592822,0.0122848055404357
0.5884598085577771,0.3437079444285521,0.0473870297230303
0.9763259151108952,0.1774960727246615,0.0410383880926066
0.9747553781809184,0.519751464912526,0.1104171223127441
0.6470772993622896,0.6221285101363628,0.0892520570175749
0.9962047175789388,0.0167895955866174,0.004152003609016
0.7673943171274427,0.2420558916440923,0.0437548874224054
0.9642658258303272,0.0495715750165114,0.0117452840565644
0.9895907342120912,0.1129184209408031,0.0269566511501947
0.4987052345106978,0.3427881141796199,0.040425513416619
0.9899105159661712,0.0154363350292964,0.0037955555878215
0.4204452733690508,0.7726223186926499,0.0734832842440091
0.7948525072242287,0.8036419563355163,0.1337330413708307
0.9834885947264664,0.0205980922503846,0.00502328958529
0.3249538187210964,0.5261748363555228,0.0404062112416897
0.7119972335150428,0.4319759303942944,0.0699648991201484
0.9642936638746792,0.825332906384798,0.1625305693004566
0.4366615033130978,0.338215312471576,0.0351520543821315
0.8941340228006063,0.5757605479445136,0.1111562769192539
0.188939074219271,0.753301864708477,0.0339140177676683
0.5601343638831473,0.8271039370247953,0.1010686140072712
0.1442168289057719,0.933438470851581,0.0321540996565816
0.9391899359214764,0.1449946949362273,0.0325694512318727
0.8777083571343044,0.7455802110439376,0.1366736687860748
0.8419517547975983,0.1393513938678223,0.0282178189922408
0.9616785103786653,0.9065287561129268,0.1752248592390034
0.2856447364159042,0.3689931237297909,0.0254082137371773
0.6612138318071566,0.5113900218032627,0.0762899652772146
0.6951483526226435,0.6628429525167991,0.1006316062174544
0.0968900297269129,0.2753088157611292,0.0065915865406961
0.5572376337367816,0.1379680728669553,0.0187150211145803
0.9433786616739676,0.788039594503992,0.1527991315392508
0.101533623699913,0.6703605841024839,0.0165982424630463
0.2254407256090034,0.5123823134831602,0.0277533807500665
0.958264543743312,0.816736435969658,0.1600353080390496
0.7500605185865457,0.5490752688700262,0.0911266150076743
0.3757288414935292,0.3170775602580676,0.0286100971547728
0.7117356638904869,0.542556228317219,0.0860159202528629
0.501861089133665,0.6012233760065967,0.0687051441680966
0.3431795170443535,0.9130271899723724,0.0711012856981977
0.8433533789799911,0.4084573614881401,0.077642341780681
0.9854522553814514,0.5509159648967357,0.1182482521198562
0.9870538122447527,0.4104853003766573,0.0909253608893109
0.9311451009989844,0.1523898811149343,0.0338776181852106
0.9925876381613836,0.0405420495002094,0.0099148933620844
0.7851793571985166,0.2331827906728085,0.0431670033383602
0.6377757344115996,0.7863135837363124,0.1083915297602456
0.6122038225210272,0.7059277240240579,0.0950466795335997
0.8700644581480207,0.9621093285144028,0.1678964077349932
0.7937868884489403,0.7216828155012924,0.1217607623271073
0.988065629571963,0.0114317908060551,0.0028092139800459
0.8282552380255589,0.9275036108488356,0.1562612439371922
0.5927098757811872,0.8225291560335838,0.105696388527798
0.5329487460023162,0.6817147437191436,0.0813567225737801
0.0114812873089248,0.7338270112520784,0.0020942158304597
0.9693301649953122,0.0681978274570943,0.0161547216176984
0.760237960256956,0.2234071894870806,0.0401961806129052
0.9237864975398474,0.0120136717688968,0.0027610786908512
0.5642503954039725,0.817249973480175,0.1006363816776365
0.3314117767611532,0.8534153282550749,0.0647112427835712
0.605940038230136,0.968442276510028,0.1241708783459789
0.5135105795043862,0.7187299596698168,0.0825200956182881
0.5685032485749558,0.3384270152195955,0.0452053068845107
0.5937668345034514,0.3772453008746951,0.0521476991417814
0.2988460476228766,0.2278546774288368,0.0166109687766153
0.969528652846332,0.3361256924503325,0.0740625124267263
0.1363389082997109,0.3151466206367846,0.0105627682321039
0.9771406742438374,0.0257211822930383,0.0062212549906641
0.3884210705851864,0.9443701834524336,0.0820357324829413
0.3740643115357679,0.4961725575650154,0.0436722134066659
0.9782322747794568,0.3748002880329079,0.0826287693180577
0.6314471115599634,0.8565816349272412,0.1157905273546912
0.3806421095525106,0.6292831855177052,0.0554950562122085
0.0852343655915472,0.4836059185898235,0.010138497102178
0.1565342011581912,0.908239882498652,0.0338730070378499
0.0287619092601512,0.3635707390327586,0.0025976608948158
0.378033422275827,0.640176808589762,0.0560242497232623
0.7601053809316849,0.2704888564544973,0.0481483967405021
0.3146554570658814,0.3018739669819622,0.0229720578436234
0.937669528953748,0.0733420675516376,0.016788948839751
0.929779845560624,0.0525855711224931,0.0120135956342138
0.0872310092495085,0.8074751283544688,0.0171591870104635
0.118982924296789,0.8133053357896828,0.0233807285589925
1.000918013697378,0.0049716124594179,0.0012403784812655
0.8735240714169945,0.3300553440974975,0.0659789290496301
0.9017019320085974,0.0890868566109625,0.0195377380392083
0.9917631733945425,0.1549001859509746,0.0366624902886736
0.9967597577112276,0.0234900897400599,0.0057998242792142
0.2403868776052448,0.245907191420049,0.0144576985027748
0.5083980284594578,0.3972487196308459,0.0473195366054293
0.183533394551756,0.42258888541029,0.0188560870593939
0.3663878523858138,0.9309936936484584,0.0768085465165592
0.3681673266490409,0.6664321670456469,0.0567292312667609
0.0781309942502956,0.5664905442308023,0.0108739374891592
0.5969358317463238,0.2765346161238222,0.0391181109861722
0.9612214570747424,0.0265035356535641,0.0063074205715091
0.062659867733463,0.7881063937984786,0.0121124611661193
0.6243500541514352,0.6175953818296679,0.0858731666940188
0.5237075326095894,0.9827933264471252,0.1107886375528243
0.295367593234881,0.8611118791447846,0.0586589269311602
0.190300539617938,0.6314291963322806,0.0288275933029829
0.1019442699140414,0.1864920969511763,0.0047094193716454
0.4356476901710353,0.8418942613263201,0.0820294470369775
0.5930279796260264,0.4212531663398326,0.057718008945452
0.4581199609214222,0.0284065149006205,0.0032329173380335
0.2472203084465533,0.9522404087303548,0.0545843116741662
0.9918734790504704,0.00282703218662,0.0006995301442662
0.9713394068813888,0.5414661617187942,0.1139945390959422
0.6861753990823071,0.1068512740237399,0.0178703836931664
0.4585867213239216,0.2579549587609903,0.0284135593255194
0.5636144042012647,0.4168960406331026,0.0545312844506341
0.3978093331042742,0.4536161218532764,0.0425332986856331
0.8133753568133154,0.4681465909439007,0.0849843077546212
0.1229684486617649,0.9275167008723264,0.027411975336155
0.9717795841676036,0.2587710894221504,0.0582822925285793
0.9706809517952076,0.1878902107845378,0.043070545287169
0.5523181130041517,0.2501730062476147,0.0329999468826325
0.5386452501467945,0.6441107767821224,0.0780134577388153
0.1012516939778678,0.9023183190117496,0.022111861601686
0.7885011612884916,0.3910296304683652,0.0701468764256466
0.8832299586834895,0.4790197413590719,0.0934167312639497
0.89586102162647,0.767273713701059,0.1425596782219258
0.4424011493925085,0.6110468641218638,0.0620752050366562
0.141979635043123,0.7437336980942739,0.025447048778697
0.566986387611377,0.5068844864676445,0.0656986466289065
0.6215243632706545,0.8829757267958206,0.1172069225156983
0.6874043222762525,0.9427509786006384,0.1352183825485992
0.8186481792032436,0.1690275769721352,0.0330641483832701
0.7260567047795725,0.4084590140268292,0.0676707749374059
0.9827554488112809,0.8413711617876367,0.1699233600488262
0.7952269140862659,0.0565439717570704,0.0110620598243236
0.7572202247971619,0.9467556548211854,0.1473816144556893
0.8064115911526569,0.0082755198076742,0.0016622231778983
0.1594587793290812,0.2711328269133663,0.0106281268016643
0.4543711736442237,0.6469499687949831,0.0670694571815653
0.8542485822895495,0.3760728093181848,0.0728737550798383
0.9166974270709116,0.8804914776062093,0.16322391077539
0.1435922735776353,0.4991466418309442,0.0174558442768551
0.3203938259554607,0.7949051162030176,0.0587217242391433
0.9681211104752392,0.0551722892037076,0.0131045732031237
0.9517897986604426,0.7303591821397812,0.1445558237262879
0.1072307663896399,0.7729027325200477,0.0201131457159482
0.9628922327813296,0.0664699351847457,0.0156503408864507
0.9712268782574648,0.1050591615333965,0.0246635771534246
0.7287957582684721,0.390094660978529,0.0651005277435022
0.901864073662498,0.3260886900284598,0.0672123966086382
0.9333294081140296,0.4849443269772881,0.0993531761984779
0.8607913024928523,0.0651541973701075,0.0137486114829693
0.9969109616591793,0.0056260506793929,0.0013972780192691
0.8084874423204611,0.8306214369712569,0.1395034158532998
0.7198565249644525,0.9833022442861756,0.1457256570769192
0.9331702736948694,0.7846098526726795,0.1506386978864997
0.9520644890335376,0.3156034899782732,0.0686273261408439
0.94172015112863,0.7053337045894537,0.1388173833112071
0.083658277463299,0.2991810731982466,0.0061884919839474
0.5120512625657387,0.7407484828757486,0.0845809546661012
0.8767291443332881,0.1847951614868486,0.0384512650401479
0.5211371629220577,0.695623914898594,0.0811705974802096
0.4011954774581605,0.1550002548656666,0.0152001978036432
0.4357315465498061,0.6916197559832666,0.0686033806871461
0.6316424751633083,0.95863383106442,0.1275731948828504
0.0219778652997616,0.984984987749948,0.0053567853594997
0.9139093251313922,0.6632952669932004,0.1281399421463136
0.9736132278671442,0.1635881623222369,0.0378605667831897
0.1050568223968129,0.3949106472756698,0.0102039948788246
0.9366383214757512,0.2779952126449014,0.0601088201445271
0.6416439667429656,0.8960113086608171,0.1220395195782419
0.7403424384177215,0.4737868867964172,0.0788865527598646
0.902671062251592,0.1171569494154525,0.0255201827530176
0.0754429577281612,0.078807721655974,0.001479156402601
0.554754503118346,0.9827875382541296,0.1164914492943285
0.998862131467824,0.0644559470246176,0.0157837114969175
0.5747814645724256,0.4894832501798707,0.0644391317506015
0.0378553550545021,0.4090067350838403,0.0038396741663951
0.2964274403607429,0.7651031831615323,0.0527273331138896
0.9968535487815317,0.0725144525853945,0.0176608741293334
0.9412828046949268,0.5902780215959859,0.1190756101281002
0.0687144607317039,0.9838304840539328,0.0164855271344311
0.7449696935582455,0.7050858407898398,0.1129224308815409
0.8103940877200377,0.2100337655550299,0.0402821705877367
0.832358151990027,0.4243913579890769,0.0794244158315402
0.2847257200872254,0.1037428748452011,0.0072946525502358
0.1592985458497764,0.2848570988390775,0.0111459603614471
0.415000076227885,0.3022269385412626,0.0300569647598163
1.000557916079259,0.0193191104281532,0.0047995013934791
0.3395125581117802,0.8424692227762007,0.0653827523375586
0.868835243640106,0.7463223600913118,0.1355530612491811
0.8991362532032828,0.0635639191391969,0.0140069773393467
0.785590610012113,0.6468760427088738,0.1097376365216783
0.8937789036454203,0.7360571428957441,0.1373082140222088
0.8180758387641942,0.3987588451279414,0.0738711134475171
0.7056308212371755,0.5071825303221235,0.0802953167669008
0.9340975898859192,0.228720627763624,0.0499613703076194
0.795682066294819,0.6501941808471887,0.1114549832100235
0.474532978017191,0.9712842642006732,0.1005655453222455
0.8179815492950836,0.2987130847246813,0.0566002985296884
0.8517352350767661,0.4034370552512759,0.0774569726866361
0.7156941297285685,0.1818160965680693,0.0311621268121876
0.1381488144161319,0.8603879123445121,0.0285261683952208
0.345334931967427,0.9070701468753624,0.0710645069523796
0.9790879026949804,0.3017479754356755,0.0677730866072175
0.9142276167553935,0.3551981042389819,0.0736321538869186
0.0132524331955443,0.7535523761658924,0.0024815577235567
0.4806850032079336,0.2683421132753879,0.0308834144417481
0.344410275179711,0.7894224036811953,0.0623846427618738
0.9745666297510014,0.4508398943458198,0.0972511039575616
0.7429886481990374,0.7814660277720307,0.1231262465869584
0.8405604872011195,0.8437900452639759,0.14614131114649
0.486300911574253,0.5551143840748604,0.0620183068314649
0.0474861484592423,0.9416213625858932,0.0109832465243783
0.9870077183830154,0.0183258193751097,0.0044886047750711
0.1615313187309052,0.8891839058918615,0.0342137344282978
0.8682218968419775,0.3897584833499135,0.0763897507859159
0.6949600474030639,0.231740127883814,0.0382051356084931
0.6118165760706782,0.5343942272533609,0.0739675523972976
0.9781713690676368,0.9446902786527568,0.1855827076743126
0.681771685009627,0.6274678298535875,0.0942276524128383
0.5717632689728165,0.8400823557331749,0.1043316384124549
0.8174175596046814,0.7241634885127676,0.1252899763904301
0.8913315330325223,0.529018408139046,0.1029247428339833
0.5195071532503892,0.9640659218589636,0.1082133786436719
0.8834370384337509,0.4687542071303888,0.0916870905662663
0.8285482997391846,0.8111059664320012,0.1396356684353983
0.6293368154219359,0.8652768702637043,0.1164353616060107
0.5232048876690696,0.6298429326531004,0.0744598153611953
0.9781851795717867,0.0469116437818303,0.0112832867288748
0.9579509355796052,0.2862966041661705,0.0631149601626157
0.87966420753946,0.8136611230389794,0.1474060614639489
0.9819412601029236,0.0824079438813082,0.0196876333164733
0.4468623698023692,0.4382800473034214,0.0459526487946972
0.0928133574462096,0.8177037747448074,0.0184600924002854
0.9783085467940734,0.4087333326897735,0.0893882912540349
0.754624008032632,0.517749707186977,0.0869349933793482
0.0220399926392315,0.1170398834750663,0.00064248097807
0.926616029374518,0.8140065192501122,0.1544918057977552
0.993346762259638,0.4978674083325121,0.110216023467633
0.4015303776348619,0.3286209352650626,0.0315605621292044
0.6184805394600577,0.4084948925650229,0.0583419468367709
0.9283558961595024,0.6572509650148052,0.1290265350330955
0.4198828924959347,0.9344190167914914,0.0871598245713224
0.909131915043199,0.2168267279618519,0.0463016269614663
0.789261571719883,0.2796442830683401,0.0514607199124049
0.853562740900287,0.1983421217393186,0.0400783149925354
0.93625992698281,0.4842524265422799,0.0995357286835107
0.5480026200958704,0.2692577395449241,0.0351349680198991
0.1787736015937828,0.761199912347947,0.0324888744364875
0.4877248042945047,0.6074645263526672,0.0675636283031488
0.8324646062118871,0.0501412950730829,0.0102777939568781
0.1691313465262009,0.4773279527072288,0.0196122833900128
0.8515517229290873,0.3295638093050686,0.0643651667250995
0.7972223053879863,0.2164856817868847,0.040810822877697
0.9911218946842014,0.7970167327366442,0.1663339250619954
0.9323897215926014,0.4208988897395992,0.0874724892805148
0.981101111127232,0.1031831085311089,0.0244788964835602
0.1281093976231289,0.3690706185502268,0.0116057717872528
0.5773858476245634,0.9148444266975114,0.1133891696306595
0.7375523881792088,0.8486101948309775,0.1313589761306195
0.7369570248762897,0.6993383361726823,0.1110361113612146
0.2324706895744385,0.2446749573262514,0.0139228672549472
0.9487995922772244,0.1292721290298662,0.0294545391663105
0.3981828514462894,0.7080137263281758,0.0645208574524971
0.8097659523361485,0.1926538596927695,0.03706920545681
0.9954149556243732,0.2826073874214664,0.0655875736130461
0.0888770958833146,0.7060196502839997,0.0153267067922515
0.775474522639455,0.0651895977894486,0.012412239730722
0.2818839311328619,0.3094908579259986,0.0211530186321224
0.6628805923147052,0.9553145792212376,0.1325617033924858
0.048821962386264,0.8919016691830425,0.0107007505521799
0.0683414001789086,0.2786330255189435,0.0047168070625841
0.9500952380289984,0.2785342977793757,0.0610408989938289
0.7715173579189402,0.4219995748472627,0.0737147113625463
0.9863444885257292,0.0040777249859886,0.0010030065074194
0.9080665837182093,0.3089237677451262,0.0643563389520679
0.273424305734079,0.9517540164636143,0.0599112948288054
0.463562615780189,0.8382047782684795,0.0864093266035045
0.6057392718248807,0.5351282570976041,0.0733615903840139
0.3857670646374813,0.8129445546469997,0.0711589710855003
0.8390931435425025,0.1627551056294232,0.0326472316456651
0.9371061773553906,0.9789826330961564,0.1818409169993163
0.9812063370092902,0.3579102365180006,0.0795246207422924
0.9906117126354504,0.0010259213534637,0.0002537075716168
0.020053077914499,0.0436299238063063,0.0002180236901271
0.9667732094745548,0.0288715258985513,0.0069036040313737
0.9453917860624992,0.5813233404798762,0.1179828186185932
0.8820740014181804,0.5754834558808684,0.1097361369283927
0.9902407009528672,0.1017544242493703,0.0243847029805629
0.7331434377356615,0.4948068866504211,0.0812992290150362
0.77991032586546,0.9470026981460482,0.1510496655871919
0.7532897183795184,0.8925284173702364,0.1396106820200424
0.0739368404576249,0.251194198236613,0.0046009834793651
0.5609640957211725,0.9196540615619676,0.1111059754019564
0.984601355977396,0.1507643647449659,0.0354276985929069
0.8247119943504545,0.7486077082226023,0.129881390878297
0.8564117714453564,0.3283011444075308,0.0644670064268172
0.6128803724020279,0.2655161895261474,0.0385774469559925
0.4132916849805091,0.3059907647681857,0.0302968858109258
0.8186885027609544,0.1315945820143844,0.0259841193687985
0.7194444593468023,0.8373973145369593,0.1271025275443955
0.6795226776110749,0.5084749014163404,0.0777766609410512
0.5197814424861394,0.6648033603300335,0.0777480376689425
0.7694766189006945,0.6885000657517323,0.113808891194615
0.3435739761561694,0.2739331191875748,0.0227711563601119
0.7373147069429221,0.8323213375887346,0.1291498141639638
0.9905312306811884,0.0624946750014522,0.0151505836961091
0.4375761910540471,0.9143372590010662,0.0886909340451441
0.0030982878447468,0.1206383984978654,9.315756518364982e-05
0.875322017133753,0.1350075974350011,0.0284116410742525
0.8191318137055846,0.0735810578643678,0.0147554853772597
0.7783362829764163,0.7355639352100827,0.1216695575646739
0.7219003091879775,0.6701868201014348,0.1050936723346269
0.9728460833208694,0.3989347623075307,0.0868988811217221
0.0727281846556221,0.5246784657023884,0.0093932750353333
0.9282870952246042,0.3954319565319769,0.0823248252992266
0.7084556054371944,0.4064472535115471,0.0658607620241738
0.7817588461630873,0.2180467557415973,0.0403369983387546
0.5304175333425805,0.8328090634501139,0.0968861986428829
0.9029162426743368,0.3707980242325812,0.0756848508077796
0.4577784444995138,0.9267649888486018,0.0934599805472397
0.9048306044754618,0.6438651200806647,0.1238191707507324
0.7372723996403797,0.8227616132708296,0.1279045180175641
0.1899414269172389,0.4434141988273312,0.0204353687203688
0.9953196698582734,0.2272387217847768,0.0532617847900563
0.8523127416019723,0.5545847870158348,0.1030708153363591
0.9836880177410656,0.0638172561041753,0.0153568355951834
0.1507755692956087,0.8276311719925821,0.029889160045927
0.5648501511551817,0.6316643991220647,0.0800497595374765
0.4146718793857863,0.36682255559513,0.0361639704230683
0.7782452576888288,0.6767308037429214,0.1131850820355715
0.7838087816690448,0.6111893752391062,0.104240678160029
0.9138853344308224,0.2101562484730026,0.0451754744724185
0.6961301134368771,0.8579232850199,0.1261260341396487
0.3368507540457902,0.2742269783452964,0.0223598519763317
0.1864445278993202,0.9117524994102412,0.0401676343298201
0.4545722143073751,0.5503655693203761,0.0577872806340383
0.2117853317316273,0.9664905428517784,0.0478759891301
0.1702141943590467,0.3144067920424717,0.0131103786198322
0.6735406900700459,0.1914978179300339,0.0308987147640714
0.924610471558538,0.8361902559254403,0.1576067368119705
0.8372384053622925,0.8852335358126084,0.151637746184706
0.4645579004418299,0.4766906134370616,0.0515796927788602
0.90282442511808,0.5483421898648764,0.1073890387456809
0.9793180373026762,0.2088664092303158,0.0480354441067297
0.3328458809357797,0.7960797313809703,0.0609280095326797
0.9929206767412928,0.0669830006304839,0.0162595475865862
0.4155434938039315,0.9315945151546436,0.0861188364009028
0.7776036947687273,0.3858218939659991,0.0684141152620894
0.485779929776907,0.4901200018727433,0.0551975872789454
0.0763639809815263,0.5646938411294634,0.010598050487304
0.7097854998147349,0.6945602476635814,0.106806433674434
0.5267099992816214,0.3991085394107641,0.0491248192319336
0.4960104013778157,0.5300577930516824,0.0605158339395741
0.4361431764060454,0.4253923827127116,0.0436601149880183
0.928914147068173,0.6136980154495968,0.1216746462410398
0.4358980900131974,0.8883280349684183,0.0861124906773789
0.5204076815351133,0.5455051931162752,0.0649605630309185
0.6060067760895904,0.9592767033584992,0.123215645546984
0.793353993366075,0.7504645765974757,0.1258621303210783
0.7946437785891508,0.7929782198838582,0.1321443572374018
0.6111447470536263,0.5538289050910585,0.0763162023033387
0.1234501841310448,0.8217382528417507,0.0244774032851074
0.9804146914241072,0.6108688451669478,0.1283533071831754
0.5213494958583349,0.4336895128419815,0.0525934467826376
0.4467175886840324,0.3103297737633065,0.0330921707733397
0.894762932407866,0.7144267683506478,0.1339951781880285
0.5389567046030902,0.9021746805371168,0.1054581117739028
0.5301037000433935,0.1936189729139315,0.0247745250270831
0.1276133297408563,0.9549361640684996,0.0292192316933601
0.4582491028949258,0.4114007808673738,0.0443301479641345
0.4209376379391222,0.9396418119783944,0.0877878429827038
0.9722920094585848,0.92674869275356,0.1810244239405009
0.2130948673849233,0.7155717419428654,0.0362245830586592
0.9976232653036684,0.0194621108033441,0.0048160464589899
0.1963440893744672,0.7973993000554287,0.0371528260058498
0.3617731562294745,0.9007551884531134,0.0736660358146497
0.8010031800267853,0.5238628197795624,0.0926999177581539
0.891255456731033,0.1971626889084835,0.0415287612243
0.9273844986213756,0.2159757446833178,0.0470138327886228
0.960052370099154,0.3834579722201624,0.0826785259758984
0.8784401676791902,0.4158138811192861,0.0818789293022166
0.962008120583238,0.307501203626055,0.0677061784045394
0.4538617397209845,0.3543523503569125,0.0381329903572038
0.7890917966134815,0.7436268872105487,0.1242885772904042
0.8487881603604579,0.3303035877804866,0.0642878394976815
0.4189703305748011,0.5470847142949687,0.0532508933844289
0.7630672789504442,0.1225935173208837,0.0226600624156855
0.925634157149428,0.4254723962540659,0.0877285823942879
0.4091964726986825,0.7121600700271655,0.0665385645819678
0.6244581805201872,0.4099256071864978,0.0590762620377265
0.589226864167091,0.9429537746552829,0.1185167814312073
0.9711939221178268,0.0309491363041206,0.0074302640311783
0.6174318159888414,0.8029399687936357,0.1073306123579905
0.6876694268606045,0.60204862526199,0.0915188150647981
0.9949767962741886,0.0411262315969344,0.0100795798496436
0.2215637502040986,0.3323994119712984,0.0179300138937498
0.8845956859999357,0.3782726447389111,0.0756215730890691
0.9636440086035272,0.1760453278088803,0.0401963326527027
0.6564304122786736,0.5065685165811586,0.0751009709505676
0.4724040937940531,0.342005771301865,0.0382901388503127
0.0700631717759591,0.962418028175356,0.0164418987754984
0.827363691666896,0.5197848442349879,0.0947418980869262
0.9562997958537782,0.2023611793498449,0.0455253879086909
0.8254963621984681,0.2573041999043629,0.0496583278807083
0.7594868206174501,0.5503942606016509,0.0923366028619225
0.1936194297596213,0.8482275465333355,0.03887934996455
0.7870879749864037,0.3371506764773022,0.0610910512471254
0.190854191796117,0.9044097241658194,0.0407624861966487
0.5685326734181623,0.764633787879766,0.0955337211773411
0.639963080411053,0.6592989106403151,0.0930526807185529
0.4258863306140386,0.2119863970193987,0.0218793964879251
0.6571998966063581,0.2305423474489911,0.0360476667539418
0.8603256663289437,0.2242465841766698,0.0453528239289709
0.8878527584742889,0.4818849686915082,0.0943964465972598
0.2395876776872004,0.5648396490529686,0.0323216840418309
0.2334799796649752,0.9760863665365012,0.0529555356568458
0.952904904804912,0.7939457167905265,0.1552654503951382
0.944622849692592,0.1183134835199513,0.0269292724156208
0.5897772247113109,0.925624863854386,0.1166813494233285
0.999840946864799,0.0034120655279455,0.0008504104144508
0.8136016583194366,0.0477583479418486,0.0095793337793021
0.9162567462372544,0.0850980268348547,0.0189859137919491
0.4586021287668617,0.8837803850498934,0.0897222267677277
0.2477855935418181,0.7055342265918358,0.0412479967041591
0.6784852164174943,0.5549113685110217,0.0840601890745729
0.8023265090368528,0.248976428451157,0.0468738472599361
0.9831357378140134,0.0485699783234785,0.0117352494400589
0.5202600046274748,0.3976576774190403,0.0483985230849699
0.91651638056613,0.1467736756405313,0.0321825890773687
0.4366303924220613,0.2744020316636099,0.0287632763524841
0.8242501776254111,0.3424325343683124,0.0646892540469174
0.6082213757247178,0.3826702096064512,0.0540579844412135
0.3782330126740355,0.9588438493080904,0.0811755597892284
0.8612237765220451,0.6227938896240682,0.1151287302604701
0.965555612001298,0.8672292723889649,0.1696440990902834
0.1677653031657748,0.7519494276044622,0.0302041838550962
0.7661485927018254,0.207218359217828,0.037700523327685
0.3899535221308386,0.8141028898324891,0.0719503120905731
0.9997713096985842,0.518152169772618,0.1234026827346541
0.9431958966116808,0.3595458128796601,0.0766699463536794
0.2439031239733036,0.8626626436057782,0.0491476591766706
0.9993812836125316,0.0789486327837157,0.0193065035378495
0.8688920887956547,0.1045284967899675,0.0220179638050303
0.9697068927030692,0.4959608283354504,0.1052920743685873
0.275310011074203,0.7597573614101706,0.0488817098622016
0.7613737774854817,0.1378957002317373,0.0253408735525476
0.971456343575138,0.6039043598006514,0.1254750203573248
0.2932770637932535,0.4080524610917573,0.0287227792381236
0.2453181368624587,0.1426784675594714,0.008629645125622
0.6346368430823313,0.5145892631498148,0.0738856245491436
0.9168628706133456,0.0785495531546102,0.0175673454785304
0.4840916282423278,0.9765976071487292,0.1028740560653034
0.8852771692637257,0.9591437111058668,0.1699350489257497
0.9494398836634644,0.2071574407739778,0.0462340313922076
0.4935634625266963,0.3087952246098905,0.0362342068959304
0.9782832730744764,0.0451063707956562,0.0108576690147225
0.4658612040422004,0.2479200841934345,0.0277643515800667
0.7931333419684226,0.2893155555529488,0.0533844711796685
0.7687116002533314,0.8429948459505936,0.1353054142592226
0.0584823365745166,0.3020920366180294,0.004378967939885
0.0587838487411771,0.6088661044496463,0.0088178972481322
0.8343129176967073,0.2922756613688998,0.0564967154802763
0.6940892464522144,0.6239372372696741,0.0952428042600739
0.4910204030597696,0.2992275971596911,0.0349922982249831
0.7659616291854727,0.539945609476942,0.0914902561980374
0.8562474764963445,0.5827000659736606,0.1080864332877955
0.8173123957231385,0.6561332460538944,0.1150323782333943
0.1967282453153977,0.7471235650317956,0.0349796332151351
0.4588808257756168,0.8502387156255935,0.0867222846712802
0.978370999303604,0.248260028619482,0.0564609611770442
0.6011359687198816,0.7139643954380468,0.0944457084719556
0.8792639301825124,0.7100737614338223,0.1313131485670781
0.4058325060378663,0.8687164763985304,0.0791537409622318
0.8502701178620898,0.233797353999236,0.0466586508353966
0.3980517581196331,0.9260474455537888,0.0823765352984576
0.8082411823061532,0.1139423882144737,0.0223177058541275
0.7624502504329408,0.4325971803951066,0.0745896732566151
0.6883230597734873,0.9341463207493012,0.1343579275304444
0.958018199198896,0.5117568701330963,0.1068795995113424
0.1108533085308902,0.6188055532516051,0.0167226451424383
0.9917270591423984,0.1111873546810525,0.0266197032271827
0.4729330286858471,0.0413164649912063,0.0048444276891419
0.0913483223457933,0.9535037213829936,0.0211091366688039
0.7161689463304064,0.0569987057059961,0.0100548617599172
0.510839622830974,0.8762336292039843,0.0980069220895426
0.417404173853684,0.8376663346296803,0.0785500806903291
0.2955051128394962,0.2746881696104503,0.0197195805858488
0.6350864013747335,0.9437571408814376,0.1264465713022081
0.1998332716582845,0.7668265518946733,0.0363995394219196
0.0003403286734321,0.9168382333656578,7.776854208333517e-05
0.4386928520825248,0.3538217142449822,0.0368649952210565
0.4257441007858127,0.7857072386313312,0.0754599399886752
0.0136492606650523,0.1467192679236015,0.0004988043326102
0.306395338388972,0.541728557015512,0.0392859502145688
0.9955068339545854,0.5968611609315305,0.1318295663715713
0.8243465858825124,0.7899008474120255,0.135960526254544
0.3312733873647452,0.2786322751599739,0.0223476544421418
0.413525364594939,0.4136335113470745,0.0404298408249235
0.845705778261419,0.4152219306407115,0.0790011152780781
0.8371605500799519,0.3491478047176194,0.0668033349601183
0.6981402868219421,0.063853753143692,0.0109656996352953
0.2200820493681181,0.4546661659115581,0.024157482311604
0.86259481488427,0.3014532795996775,0.0599747093887416
0.938127678532011,0.3890767532906017,0.0819462739120898
0.3187586438096565,0.5402978193333678,0.0406742293245593
0.2897159443967937,0.6835896920722179,0.0464230706391379
0.8023246012703921,0.6247523771782292,0.1084228364648778
0.5450487803385349,0.7427044538885718,0.0896934201301001
0.9562720341074908,0.2540409137926392,0.0563713614821967
0.2410347620052798,0.60414585456393,0.0346721934548226
0.9382270789393332,0.0837366946871431,0.0191274862316738
0.3686508556597406,0.9977636809229764,0.082225563847964
0.2475332343705618,0.832346124500704,0.0481769460508391
0.9450380960411487,0.0367773576673248,0.008578718203724
0.5689738010544633,0.5675398131484446,0.0731187496937507
0.7210989798815757,0.6093401370451036,0.0965146304129245
0.998259816909004,0.0069265795142682,0.0017219193138844
0.0797852342638024,0.1790838739132345,0.0035452732159978
0.4558711922570675,0.9159907410122478,0.0921319478399528
0.2723622488418931,0.7172086018204331,0.0458302401541204
0.9629068013959632,0.4088712476670064,0.0878869952333438
0.6130069448988474,0.990308312261186,0.127850434589359
0.708200797591316,0.3301136339297304,0.0542895875382818
0.5927644355375161,0.6960123078005258,0.0912009865713578
0.5328616843348775,0.7635020903356101,0.090043474560315
0.3424539185884435,0.2071460419601719,0.0172898361223609
0.4612108637009333,0.4504316920219269,0.0485821976630778
0.1922661067696395,0.1982347061283358,0.0093856681630227
0.8292859972778076,0.7586714645683619,0.1320529864401066
0.6705670158480682,0.6039750393802741,0.0897417629780636
0.7116902320650451,0.1307478328168076,0.0225449489565561
0.5828388123632078,0.3598446831507598,0.0490308337998681
0.3494883266745295,0.8708048524974218,0.0692242141450007
0.3954882182538149,0.978133116954041,0.0860772525191256
0.851383293462701,0.7071811457175149,0.1272103082816611
0.3830341778076039,0.1608729809853903,0.0150661610957908
0.4044560737581834,0.8785227420835923,0.0797012695236619
0.9597835540290676,0.1618954386057974,0.0369617069401615
0.9668905501772352,0.7324846740780379,0.1474080253283168
0.7939963483700321,0.8610882804114026,0.141671505366977
0.2990593177068404,0.3378243931620076,0.024389089624792
0.9182876097154384,0.4292892445894152,0.0877888899170412
0.9051654401815894,0.5941813411703051,0.1155306336625585
0.3554475953367092,0.975677933932363,0.0779538219220094
0.5302346842172926,0.9278691740482684,0.1065184177347823
0.9634084102005434,0.0584824762620096,0.0138105729973505
0.4012142794723686,0.7650218200353309,0.0697744061978505
0.9130753228024064,0.1575451012991187,0.0343247647747977
0.6796442852471328,0.3135961212232181,0.0497842073912068
0.7756322944275025,0.736208582684992,0.1214384009798937
0.3008872443366063,0.9073890330483316,0.0626257808252317
0.0921407338194646,0.8886019451763882,0.0198753362858911
0.972204404675468,0.9483208818699418,0.184489765210748
0.981276829185576,0.0254039213716437,0.0061724247296121
0.7108488303865783,0.7380385851991209,0.1127900766999154
0.6698966879301604,0.6726000765684877,0.0986406712278472
0.5918833679494101,0.6251876404890219,0.0827116969551494
0.1794843415743859,0.6376241879130655,0.0275090928400817
0.960787135847397,0.1122625944655086,0.0260202310663409
0.9548040940757776,0.1086282797582245,0.025048299369754
0.9630648268092225,0.6372612878588723,0.130216586848888
0.5998061727142936,0.0423287214222597,0.0062824296096839
0.9797257927149358,0.0477133855534096,0.011492105760258
0.9747174265209928,0.3192719826106271,0.0710313290363559
0.8114753062434941,0.2112055115048489,0.040548319074044
0.3972431996190184,0.776245848784648,0.0700831214441761
0.654992176477558,0.7972413245993594,0.1123121206404794
0.9410831826284308,0.1717883190449209,0.0383757583296378
0.4091964726986825,0.7121600700271655,0.0665385645819678
0.6244581805201872,0.4099256071864978,0.0590762620377265
0.589226864167091,0.9429537746552829,0.1185167814312073
0.9711939221178268,0.0309491363041206,0.0074302640311783
0.6174318159888414,0.8029399687936357,0.1073306123579905
0.6876694268606045,0.60204862526199,0.0915188150647981
0.9949767962741886,0.0411262315969344,0.0100795798496436
0.2215637502040986,0.3323994119712984,0.0179300138937498
0.8845956859999357,0.3782726447389111,0.0756215730890691
0.9636440086035272,0.1760453278088803,0.0401963326527027
0.9642936638746792,0.825332906384798,0.1625305693004566
0.4366615033130978,0.338215312471576,0.0351520543821315
0.8941340228006063,0.5757605479445136,0.1111562769192539
0.188939074219271,0.753301864708477,0.0339140177676683
0.5601343638831473,0.8271039370247953,0.1010686140072712
0.1442168289057719,0.933438470851581,0.0321540996565816
0.9391899359214764,0.1449946949362273,0.0325694512318727
0.8777083571343044,0.7455802110439376,0.1366736687860748
0.8419517547975983,0.1393513938678223,0.0282178189922408
0.9616785103786653,0.9065287561129268,0.1752248592390034
